,Employee_ID,Age,Gender,Department,Job_Title,Years_at_Company,Satisfaction_Level,Average_Monthly_Hours,Promotion_Last_5Years,Salary,Attrition
0,0,27,Male,Marketing,Manager,9,0.5862512562476163,151,0,60132,0
1,1,53,Female,Sales,Engineer,10,0.2611608894502527,221,1,79947,0
2,2,59,Female,Marketing,Analyst,8,0.3043817175126141,184,0,46958,1
3,3,42,Female,Engineering,Manager,1,0.4807788698060304,242,0,40662,0
4,4,44,Female,Sales,Engineer,10,0.6362438875959893,229,1,74307,0
5,5,47,Male,Sales,HR Specialist,10,0.8890176690263424,237,0,97212,0
6,6,58,Male,Marketing,HR Specialist,5,0.6889765787941906,155,1,97865,0
7,7,57,Female,Sales,Analyst,8,0.9816786912170572,171,0,50113,0
8,8,34,Female,Finance,Accountant,6,0.010380901722245,177,1,88747,1
9,9,57,Female,Marketing,Engineer,7,0.4667823596824307,170,0,43283,0
10,10,57,Female,HR,HR Specialist,5,0.3626250696783515,178,1,82510,1
11,11,50,Male,Marketing,Accountant,3,0.177106991916612,158,0,55665,0
12,12,44,Male,HR,Engineer,1,0.2342370590462392,180,0,57951,1
13,13,39,Female,Marketing,Analyst,7,0.2271984799512277,249,1,31886,1
14,14,57,Male,Finance,Manager,9,0.8222120732860275,242,0,40548,1
15,15,41,Male,Engineering,Accountant,10,0.5834543121833854,199,1,39979,0
16,16,29,Male,Finance,Accountant,5,0.4011926780788498,222,0,31340,1
17,17,28,Male,Finance,Accountant,9,0.5187154765048624,169,1,79639,0
18,18,27,Male,Engineering,Manager,8,0.8482168664314631,193,1,50307,0
19,19,45,Female,HR,Manager,5,0.5232801758648524,154,1,99568,1
20,20,27,Female,Finance,Manager,10,0.0985981855870322,211,1,89409,1
21,21,45,Male,Engineering,HR Specialist,4,0.6455399096929486,172,0,94005,0
22,22,32,Female,Engineering,Analyst,9,0.6532311017656622,191,0,63445,1
23,23,53,Male,Marketing,HR Specialist,9,0.6232736072503224,216,1,99093,0
24,24,58,Female,Sales,Manager,4,0.921873191428868,160,1,95910,0
25,25,46,Female,Marketing,Engineer,9,0.2122397241251595,162,1,80913,1
26,26,55,Female,Sales,Analyst,6,0.9974983056464304,224,1,59231,0
27,27,52,Female,Finance,HR Specialist,6,0.0684118319159797,156,0,68979,0
28,28,59,Female,Marketing,Accountant,8,0.7794191135416246,183,1,65901,0
29,29,58,Male,Finance,Analyst,3,0.6147826229331329,194,1,85496,1
30,30,37,Male,Engineering,Analyst,6,0.791576766925783,191,1,91627,1
31,31,28,Female,Marketing,Analyst,10,0.3549899515460142,203,1,91703,1
32,32,30,Female,HR,HR Specialist,8,0.9972321903265292,237,1,51252,0
33,33,25,Male,Engineering,Accountant,1,0.1260031315839109,172,1,63757,1
34,34,36,Female,HR,Accountant,6,0.637980114052539,154,0,84288,1
35,35,59,Male,HR,HR Specialist,7,0.9634812500143196,212,0,86371,0
36,36,35,Male,Sales,Analyst,3,0.629359923471385,220,0,59546,0
37,37,47,Male,HR,Accountant,5,0.5478731972934493,247,1,80887,0
38,38,38,Male,Marketing,HR Specialist,9,0.4250006964690613,247,0,52658,1
39,39,43,Male,Finance,Accountant,5,0.6735533011395514,201,0,70977,0
40,40,40,Female,HR,Analyst,10,0.8142447004066163,222,0,40055,0
41,41,52,Male,Sales,HR Specialist,6,0.4215038668673729,161,1,99265,0
42,42,55,Male,HR,HR Specialist,7,0.9900196957951592,162,0,33670,1
43,43,31,Female,Finance,HR Specialist,7,0.4564732871729066,214,0,85764,1
44,44,51,Female,Marketing,Engineer,3,0.2837823264347497,226,1,87567,1
45,45,41,Male,HR,Accountant,1,0.5976970764932226,153,1,44786,1
46,46,31,Male,Engineering,Accountant,7,0.0688672036680544,186,1,69612,0
47,47,39,Female,Finance,Manager,1,0.1986410461527854,177,1,45124,0
48,48,36,Female,HR,Accountant,8,0.3220177285836241,200,0,38871,0
49,49,32,Female,Finance,HR Specialist,5,0.7923001867988667,217,0,34599,1
50,50,26,Female,Finance,HR Specialist,5,0.1855352600528069,228,1,61224,0
51,51,50,Male,Finance,HR Specialist,7,0.6146705651653954,223,0,31506,0
52,52,45,Male,Finance,HR Specialist,3,0.982855143497688,209,0,57428,1
53,53,37,Female,Sales,Manager,8,0.750597549458096,233,1,34834,1
54,54,43,Male,Sales,Accountant,2,0.4754604664455235,229,1,56938,1
55,55,42,Male,Sales,Accountant,6,0.8121612517693029,249,1,62841,1
56,56,26,Female,Finance,Engineer,4,0.1207844352141432,238,0,56230,1
57,57,52,Male,Marketing,Accountant,5,0.5888936453962129,236,0,98061,0
58,58,47,Male,Engineering,Engineer,9,0.3802924948041679,173,1,34647,0
59,59,28,Female,Sales,Analyst,10,0.908369402889997,196,1,30269,1
60,60,28,Female,Finance,HR Specialist,5,0.3105680892742234,195,0,41737,1
61,61,36,Male,Sales,Accountant,8,0.6884839803327588,160,1,71087,0
62,62,46,Female,Engineering,Engineer,9,0.2329872462769809,214,1,50921,0
63,63,50,Male,Sales,Accountant,8,0.7533324155402383,214,1,89560,1
64,64,59,Male,Finance,Accountant,6,0.9788778921567572,220,1,59060,0
65,65,28,Male,Sales,Analyst,6,0.4635655413211493,165,0,46658,0
66,66,36,Female,Marketing,Accountant,9,0.887494139095514,245,0,82313,1
67,67,28,Male,Finance,Analyst,8,0.3493494556603072,202,1,91589,1
68,68,55,Male,Marketing,Analyst,3,0.3840634190592947,212,1,48184,0
69,69,31,Male,HR,HR Specialist,5,0.1149234302377638,165,0,58575,0
70,70,34,Female,HR,Analyst,6,0.9399064112380012,168,0,80456,1
71,71,48,Male,HR,Engineer,8,0.517683817968095,154,1,72928,0
72,72,39,Male,Engineering,Engineer,5,0.4331143300314448,168,0,74105,0
73,73,44,Male,Sales,Analyst,7,0.0679474523347238,185,0,43038,0
74,74,31,Male,Sales,Manager,8,0.0744384184792443,225,1,50000,1
75,75,37,Female,Finance,Analyst,8,0.2880329109565633,226,0,49824,0
76,76,52,Male,Marketing,Manager,6,0.8547456473639652,184,0,67588,1
77,77,42,Female,Marketing,Accountant,2,0.9419529770864274,178,1,30821,0
78,78,35,Male,Finance,Manager,4,0.7129372727018383,190,1,99801,1
79,79,26,Male,HR,Engineer,6,0.8667742741785324,218,1,48520,0
80,80,41,Female,Marketing,Engineer,8,0.8013461562458192,227,1,69674,0
81,81,30,Male,Sales,Analyst,3,0.9759798861063104,192,1,66952,1
82,82,47,Female,Engineering,Manager,5,0.3984517643541418,153,1,97606,1
83,83,40,Male,Marketing,Analyst,3,0.8301814091146785,167,1,59532,1
84,84,50,Female,Sales,Analyst,1,0.9164436095186694,173,1,97663,0
85,85,25,Male,HR,Analyst,1,0.8070531852055509,204,1,71807,0
86,86,54,Female,Engineering,Analyst,1,0.8616317688824431,218,0,90011,0
87,87,26,Male,HR,Engineer,10,0.0013764983438844,157,1,91398,0
88,88,44,Female,Sales,Accountant,8,0.7113761826437848,163,1,64897,1
89,89,29,Female,HR,Engineer,7,0.4270432429444565,237,0,78600,0
90,90,55,Female,Finance,Engineer,3,0.2238283761976296,196,0,74424,1
91,91,32,Male,Sales,Engineer,6,0.8732228709264533,238,1,40798,0
92,92,54,Female,HR,HR Specialist,10,0.4885662066604654,158,1,63948,1
93,93,26,Male,Finance,Analyst,1,0.0083909121579306,214,1,52415,0
94,94,37,Male,Finance,Analyst,6,0.1787610264156853,211,0,38085,0
95,95,28,Female,HR,HR Specialist,1,0.1291815753081449,200,1,32082,1
96,96,32,Male,HR,Accountant,5,0.9031597113004118,176,0,58364,0
97,97,49,Male,Finance,Engineer,5,0.7229597427567956,194,1,40742,0
98,98,31,Male,Sales,Manager,2,0.4489629871717319,201,0,84407,0
99,99,38,Female,Sales,Analyst,5,0.3412185341167113,225,1,76806,1
100,100,53,Male,HR,Manager,4,0.006573661720984,150,1,81919,1
101,101,45,Male,Engineering,Engineer,10,0.2854002730521404,165,1,70060,0
102,102,57,Female,Marketing,Manager,4,0.6625437194169094,244,1,99321,0
103,103,49,Female,HR,Analyst,7,0.7042036468911899,187,0,93226,1
104,104,38,Male,Finance,Engineer,8,0.811996955812486,161,1,81389,1
105,105,33,Female,Engineering,Analyst,7,0.4264524724420461,209,1,38495,0
106,106,39,Female,Engineering,Engineer,2,0.7920330007370426,207,1,70941,0
107,107,31,Male,Marketing,Engineer,6,0.8772395539982745,182,0,99476,1
108,108,26,Male,Marketing,Accountant,2,0.0767775330836085,211,1,49523,0
109,109,55,Male,Engineering,Engineer,2,0.0668990015107122,244,0,60676,1
110,110,31,Female,Sales,Accountant,4,0.9360951479087892,209,0,73359,0
111,111,35,Male,Finance,Engineer,1,0.2610644259210312,154,1,51013,1
112,112,37,Male,HR,Analyst,3,0.4928804602510895,224,1,31553,1
113,113,37,Female,Engineering,HR Specialist,1,0.0191842543068638,201,0,65356,1
114,114,50,Male,Marketing,Engineer,5,0.3385658495620338,160,0,99328,0
115,115,32,Male,Marketing,Accountant,10,0.4676564847461099,189,0,47802,0
116,116,38,Female,Marketing,Analyst,2,0.3768908906209544,222,1,45532,1
117,117,26,Female,Engineering,Engineer,6,0.0507593323184546,226,1,97181,0
118,118,39,Male,Marketing,HR Specialist,6,0.6890821940573552,169,0,35521,0
119,119,48,Female,Sales,Engineer,4,0.7517409791142201,239,1,98429,1
120,120,58,Male,Sales,HR Specialist,4,0.9485216582843012,199,0,93166,1
121,121,28,Female,Finance,Analyst,10,0.5244977051345444,246,0,54477,0
122,122,42,Male,Finance,Engineer,3,0.0392812692725437,207,0,40012,1
123,123,49,Female,Sales,HR Specialist,9,0.1270735768470797,178,1,37543,0
124,124,48,Female,Engineering,Manager,7,0.8895685676398605,184,0,87607,0
125,125,30,Female,Finance,Engineer,2,0.8783340929817791,232,0,97217,0
126,126,58,Female,Finance,Engineer,2,0.8654682799925634,218,0,52961,0
127,127,27,Male,Engineering,HR Specialist,5,0.2309574950974338,154,1,38532,0
128,128,43,Male,Finance,HR Specialist,10,0.0725329921472728,235,0,80112,0
129,129,43,Male,HR,Analyst,9,0.160936631676983,154,0,74736,0
130,130,52,Male,HR,HR Specialist,7,0.38112151333694,218,0,35031,1
131,131,34,Female,Sales,Manager,9,0.687645876345314,165,1,61668,1
132,132,42,Female,HR,Manager,5,0.6767017400613994,210,0,58508,1
133,133,28,Female,HR,Analyst,9,0.6926309648604936,201,0,62378,1
134,134,36,Female,Engineering,Analyst,8,0.4173950950837386,161,0,73980,0
135,135,51,Male,Finance,HR Specialist,3,0.3023636190219053,240,0,78603,1
136,136,53,Male,Sales,Analyst,5,0.6717440322109104,245,0,45278,0
137,137,36,Male,Marketing,Manager,5,0.9565821980714276,238,1,50064,1
138,138,35,Female,Marketing,HR Specialist,1,0.6772484897936986,247,0,92394,0
139,139,28,Female,Engineering,Accountant,6,0.6106453354258036,200,1,40991,0
140,140,48,Female,Sales,Manager,8,0.5134980096275745,194,1,76164,0
141,141,50,Male,HR,Engineer,6,0.7898978722441387,238,1,37833,1
142,142,52,Female,HR,Manager,5,0.7724070601221441,156,0,90927,0
143,143,28,Female,Marketing,Analyst,6,0.5649615759251972,190,1,86897,1
144,144,39,Female,HR,HR Specialist,9,0.0910879874587776,175,1,85229,1
145,145,46,Male,Sales,Manager,10,0.4816047670592061,202,0,35793,0
146,146,48,Male,HR,Engineer,5,0.6934832111730455,241,1,57650,1
147,147,48,Male,Marketing,Analyst,7,0.0333534333975008,199,0,70990,0
148,148,29,Male,HR,Engineer,1,0.3961343284493179,217,1,79792,0
149,149,30,Male,Sales,Analyst,8,0.0921735546792628,203,0,81499,1
150,150,34,Male,Sales,Engineer,4,0.1227164388223442,243,1,81233,0
151,151,27,Female,HR,Engineer,3,0.812001780963352,249,0,39563,0
152,152,58,Male,Finance,Accountant,4,0.6911079115191758,181,0,36755,1
153,153,30,Female,Engineering,Manager,4,0.6701890034215886,200,1,81470,1
154,154,34,Female,Sales,Engineer,7,0.955453058641222,243,1,40127,1
155,155,40,Female,Sales,Manager,6,0.6160906716553524,159,1,78348,1
156,156,53,Female,Marketing,HR Specialist,6,0.8483024809768728,211,1,94455,1
157,157,27,Female,Finance,Engineer,2,0.3771194813590839,240,1,83240,0
158,158,35,Female,Marketing,Engineer,7,0.1705864778820386,215,0,54977,1
159,159,28,Male,Marketing,HR Specialist,7,0.6362805983362078,167,0,54598,1
160,160,28,Female,Marketing,Manager,9,0.8042511218402405,249,0,81682,0
161,161,48,Female,Finance,Manager,5,0.1499618455020596,225,1,58653,1
162,162,52,Female,Marketing,Manager,5,0.2983969567207734,187,1,53838,1
163,163,59,Female,HR,Engineer,10,0.336936894902293,206,0,79759,0
164,164,48,Female,Sales,Analyst,6,0.836430635675045,151,1,34808,1
165,165,46,Male,Engineering,Accountant,4,0.0231538689385493,200,0,88563,1
166,166,50,Male,Engineering,Accountant,8,0.7774639950536905,190,1,83237,0
167,167,42,Male,Finance,Accountant,1,0.2858066344700497,156,1,31256,1
168,168,27,Female,Finance,Engineer,3,0.2367118910950432,232,1,83418,0
169,169,35,Female,Engineering,HR Specialist,6,0.5399373919283296,165,0,43951,1
170,170,33,Female,HR,Engineer,8,0.3038693829291294,190,0,63891,1
171,171,57,Female,Sales,Accountant,3,0.7764093193819304,162,0,94226,1
172,172,50,Female,HR,Engineer,8,0.7702804181721487,188,0,89030,0
173,173,28,Male,Engineering,Manager,3,0.3596794915283456,243,0,57604,0
174,174,26,Female,Engineering,HR Specialist,3,0.7481948363457636,163,0,63395,1
175,175,32,Female,Sales,HR Specialist,6,0.2755445558528386,236,0,65494,1
176,176,31,Female,Sales,Analyst,6,0.4642991998299196,225,0,82445,0
177,177,58,Male,Finance,Manager,7,0.8295769203155995,171,1,75352,1
178,178,43,Female,Finance,Accountant,6,0.3054174448214515,156,0,78972,1
179,179,53,Male,HR,Analyst,3,0.1303839648932181,218,1,62533,0
180,180,30,Male,Engineering,Engineer,10,0.1407175901204318,212,0,33221,1
181,181,34,Female,HR,Analyst,10,0.1637995479163777,215,1,73460,1
182,182,29,Female,Finance,Accountant,9,0.4082177367657461,224,1,42799,1
183,183,48,Male,Marketing,Accountant,3,0.5273314264733606,200,1,44626,1
184,184,46,Female,Sales,HR Specialist,4,0.745609677877397,237,0,50467,0
185,185,50,Male,Engineering,HR Specialist,9,0.1354301255029251,242,1,62104,0
186,186,53,Female,Engineering,Manager,9,0.894421224648257,245,0,33232,1
187,187,44,Female,Marketing,Manager,9,0.9247997270894902,169,0,60624,1
188,188,42,Female,Engineering,Analyst,1,0.7602764525770406,192,1,39672,1
189,189,39,Female,Engineering,Manager,4,0.3061616713893539,184,0,80067,0
190,190,39,Male,Marketing,HR Specialist,7,0.2396089157509672,153,0,46544,0
191,191,48,Male,Finance,Manager,10,0.3230523853706029,190,0,69385,0
192,192,53,Male,Sales,Manager,1,0.753165520167058,242,0,56338,0
193,193,41,Female,Finance,HR Specialist,8,0.4853894200641894,177,1,51112,0
194,194,49,Male,Marketing,Manager,4,0.8478203140054437,168,0,40223,1
195,195,40,Female,HR,Engineer,10,0.0813347039976083,186,0,32762,0
196,196,41,Male,Sales,HR Specialist,9,0.9050240368752758,178,0,48449,0
197,197,45,Female,HR,Engineer,7,0.3535684286362508,188,1,65708,0
198,198,51,Male,Engineering,HR Specialist,6,0.6142016087040615,243,0,55484,0
199,199,29,Female,Sales,Engineer,9,0.1852126533590471,219,1,95558,1
200,200,46,Male,HR,Analyst,9,0.0375936192855995,171,0,81643,1
201,201,57,Male,HR,HR Specialist,10,0.2148940840112981,171,0,79587,1
202,202,26,Female,HR,Manager,5,0.4153439815008105,169,1,83416,1
203,203,59,Female,Engineering,Accountant,8,0.0137141317169722,165,0,87098,1
204,204,43,Male,Sales,Engineer,4,0.982782485480021,213,0,46780,0
205,205,51,Male,Finance,HR Specialist,3,0.189753019799455,186,1,71794,0
206,206,26,Female,Engineering,Engineer,5,0.870157068943182,168,0,30773,0
207,207,42,Male,Sales,Analyst,4,0.7224404540139828,169,1,43764,0
208,208,47,Male,HR,Engineer,8,0.755911845876967,210,1,88219,0
209,209,50,Male,Marketing,Analyst,8,0.6066135893872816,160,1,72592,0
210,210,35,Female,Marketing,Analyst,3,0.8827206930170112,245,0,85608,0
211,211,25,Male,Engineering,Manager,4,0.6296221200264839,186,0,65583,0
212,212,44,Female,Finance,Engineer,8,0.2385849578117387,223,0,91789,0
213,213,55,Female,Finance,Accountant,6,0.0535917321415621,153,1,99859,0
214,214,32,Female,Sales,HR Specialist,1,0.9485523536324708,242,0,60286,1
215,215,48,Male,Marketing,Analyst,8,0.6294121375464287,219,0,53324,0
216,216,44,Female,HR,Manager,4,0.1758740923768769,151,0,76479,0
217,217,39,Female,Finance,Engineer,2,0.009966415273378,217,1,80791,1
218,218,54,Female,Finance,Accountant,9,0.3139374508363791,239,1,83385,0
219,219,44,Female,Marketing,Analyst,3,0.5606912803950348,172,1,76642,0
220,220,26,Female,HR,HR Specialist,6,0.3066678685829709,228,1,91402,1
221,221,30,Female,Sales,Engineer,6,0.4791137622140829,166,1,85225,0
222,222,42,Female,Sales,Engineer,4,0.0286091280545891,185,0,54559,1
223,223,38,Male,Sales,Engineer,8,0.5406084474308369,150,1,99113,0
224,224,50,Female,Sales,Manager,7,0.5472466017655955,231,0,32849,1
225,225,58,Male,Marketing,Analyst,6,0.760693108569961,169,0,78975,1
226,226,54,Female,Sales,HR Specialist,5,0.8744153954319644,195,1,77459,0
227,227,31,Female,Marketing,HR Specialist,1,0.2703892784035099,193,0,88083,0
228,228,54,Female,Finance,Accountant,4,0.9695331391617458,212,0,66740,1
229,229,42,Female,Marketing,Manager,1,0.1770437506495654,202,1,73275,1
230,230,46,Female,Engineering,Manager,10,0.4778966129509253,248,0,50184,0
231,231,41,Male,Engineering,Accountant,6,0.7803496805113143,172,1,80830,1
232,232,55,Male,Finance,Analyst,9,0.8737838998746374,188,0,53625,1
233,233,41,Female,HR,Manager,2,0.1082830588606466,160,1,55262,0
234,234,55,Female,Engineering,Manager,9,0.041657479635724,225,0,30935,0
235,235,37,Female,Marketing,Accountant,5,0.9252881300669152,229,1,54878,1
236,236,51,Male,Finance,Engineer,5,0.6519447501915246,224,1,56322,1
237,237,44,Female,HR,Engineer,4,0.8356135046986773,150,1,99851,1
238,238,41,Female,Engineering,HR Specialist,5,0.7467441907538663,232,0,75106,0
239,239,53,Female,HR,Accountant,9,0.725742444705897,202,0,88135,1
240,240,59,Male,Sales,Engineer,9,0.4221404816997965,165,1,71466,0
241,241,32,Female,Sales,Engineer,2,0.7049426007682,150,1,43102,1
242,242,39,Male,Sales,Engineer,6,0.1240883166761549,166,0,61580,1
243,243,25,Male,Engineering,Manager,2,0.3884866429799543,206,1,96349,1
244,244,57,Female,HR,HR Specialist,5,0.7351240744383988,158,0,84618,1
245,245,27,Female,Engineering,Analyst,10,0.4248387397048062,236,1,68773,1
246,246,39,Male,HR,Accountant,7,0.9857245189982288,164,0,39162,0
247,247,42,Female,Marketing,Analyst,6,0.9246924977406284,204,1,66915,1
248,248,55,Male,Marketing,Manager,2,0.2770342583437836,220,1,34112,1
249,249,44,Female,Engineering,Engineer,7,0.8822248592017625,213,1,97161,0
250,250,31,Female,HR,HR Specialist,7,0.8242514718170053,167,1,91779,0
251,251,51,Female,Marketing,Analyst,3,0.4703071038271061,200,0,87771,0
252,252,32,Female,HR,Analyst,1,0.4200610152440176,216,0,94728,0
253,253,38,Female,Marketing,Manager,8,0.2353917856553419,171,0,45405,0
254,254,39,Female,HR,Engineer,8,0.6011456744846184,211,1,64406,0
255,255,31,Male,Engineering,Analyst,3,0.5847937428382267,219,1,55075,1
256,256,57,Female,Engineering,Analyst,7,0.3327112394341184,241,1,69509,0
257,257,58,Male,Finance,Analyst,10,0.6326437957920109,202,0,31850,1
258,258,28,Female,Marketing,Manager,6,0.6626514178250861,151,0,47534,0
259,259,25,Male,Sales,Accountant,2,0.50317012254502,199,0,85996,1
260,260,38,Male,Finance,Engineer,4,0.8825120659749648,191,1,64345,0
261,261,55,Male,Sales,HR Specialist,8,0.7888324502262112,151,1,32954,1
262,262,44,Male,Marketing,Manager,4,0.065802620380285,174,1,64213,1
263,263,27,Female,Engineering,Manager,9,0.4617250577881855,159,0,88666,1
264,264,59,Female,Sales,Analyst,3,0.2117559825197309,159,0,71088,0
265,265,57,Male,Engineering,Engineer,4,0.5445820847140584,186,0,43095,0
266,266,39,Female,Finance,HR Specialist,10,0.2130502992568314,207,0,61200,1
267,267,27,Female,Finance,Engineer,1,0.8910545559323334,210,0,96615,0
268,268,52,Female,Engineering,Manager,3,0.0522924194221243,249,0,69501,0
269,269,51,Male,HR,Manager,6,0.8325343132417162,195,0,38068,1
270,270,57,Male,Marketing,Engineer,6,0.4103787013894439,181,0,30859,0
271,271,43,Male,HR,Manager,8,0.6063654346112507,166,1,54641,0
272,272,57,Female,Finance,Accountant,7,0.2602679150854744,178,1,98610,1
273,273,55,Male,Marketing,Analyst,3,0.6027934107244243,181,1,86372,1
274,274,28,Female,HR,Engineer,3,0.185515194861696,171,1,92828,0
275,275,56,Male,Sales,Manager,7,0.806804516980408,187,0,97244,0
276,276,52,Male,HR,Engineer,6,0.5964382479783219,184,1,88353,0
277,277,40,Male,Engineering,Manager,4,0.6486407194208894,211,1,54636,1
278,278,52,Male,Sales,HR Specialist,10,0.2646727531603636,192,0,73863,0
279,279,39,Male,Engineering,Analyst,2,0.1678189549295002,185,0,35833,1
280,280,46,Female,Sales,Engineer,3,0.0369002855111018,226,0,70714,1
281,281,55,Female,Finance,Engineer,3,0.1667361819901796,170,1,42371,0
282,282,45,Male,Marketing,Engineer,6,0.365983240298922,174,0,70764,0
283,283,56,Male,Sales,Engineer,9,0.9083533775861872,163,0,48165,1
284,284,31,Male,Finance,HR Specialist,9,0.7828370645474625,192,1,84159,1
285,285,57,Female,Finance,Manager,10,0.2240019751170991,206,1,64584,1
286,286,32,Female,Marketing,Engineer,2,0.020531869438875,242,0,46116,0
287,287,38,Male,Marketing,Accountant,6,0.2344436523300886,237,1,47944,0
288,288,49,Male,Sales,Engineer,2,0.9017869230139792,176,1,73713,0
289,289,56,Female,Finance,Accountant,2,0.3246481106098788,187,0,69641,0
290,290,52,Female,Finance,Accountant,9,0.5629894058751663,169,0,75176,1
291,291,26,Male,Marketing,Manager,2,0.4768939879659861,233,1,67394,0
292,292,41,Female,Engineering,Engineer,4,0.5383096563957095,226,1,57381,1
293,293,51,Female,Marketing,Analyst,5,0.8942345965718732,248,1,37001,0
294,294,26,Female,Engineering,Manager,8,0.320226591672993,247,1,93742,0
295,295,32,Female,Engineering,HR Specialist,3,0.555592856316026,169,0,36843,0
296,296,44,Male,HR,Accountant,7,0.482527131469904,234,1,55467,0
297,297,45,Female,Engineering,Engineer,2,0.6366619531589183,152,1,95571,1
298,298,50,Female,Marketing,Accountant,5,0.7808650299950486,241,1,32747,0
299,299,55,Male,Sales,Analyst,2,0.276196630910939,215,0,46185,1
300,300,44,Male,Finance,HR Specialist,3,0.4205573808017767,246,0,38604,1
301,301,30,Male,Marketing,Engineer,8,0.1762293065970128,155,1,85832,1
302,302,39,Male,Sales,Engineer,9,0.0308291472795025,170,1,56461,1
303,303,25,Female,Engineering,Analyst,8,0.3433300669120942,233,0,59075,0
304,304,50,Male,HR,Accountant,3,0.3043348914060151,162,0,76410,0
305,305,53,Male,Marketing,Engineer,3,0.9640995577834895,246,0,71557,0
306,306,26,Male,Finance,Manager,9,0.8943357833843707,206,0,85613,0
307,307,46,Male,Engineering,Accountant,8,0.2451864562889136,151,0,81026,1
308,308,53,Male,HR,Manager,4,0.1084019326349473,197,1,81995,0
309,309,33,Female,HR,HR Specialist,1,0.9534629425694724,211,1,55051,1
310,310,45,Female,Engineering,HR Specialist,10,0.4331352166344249,239,1,46767,1
311,311,56,Female,Marketing,Accountant,6,0.1910756691007566,236,0,43261,1
312,312,56,Male,Engineering,Accountant,5,0.8423685430393906,185,1,93469,1
313,313,50,Male,Engineering,Manager,3,0.8457289042540396,216,0,93274,0
314,314,37,Female,Marketing,Manager,1,0.5573794477321943,174,0,52963,0
315,315,27,Female,Sales,Manager,1,0.1081703549776673,225,1,71482,0
316,316,56,Male,Engineering,Manager,4,0.9818693901190808,206,0,58220,1
317,317,57,Male,Marketing,HR Specialist,1,0.0060716846194112,154,0,92876,1
318,318,57,Female,Engineering,Analyst,5,0.8161411940849057,201,1,46434,1
319,319,37,Male,Engineering,HR Specialist,2,0.3839375789847993,228,0,39049,1
320,320,30,Female,Finance,Engineer,2,0.9545633316007254,213,0,93674,1
321,321,28,Male,Finance,HR Specialist,9,0.9628938462220566,248,0,87053,1
322,322,30,Male,Engineering,HR Specialist,2,0.7716091452846329,181,0,34512,1
323,323,27,Female,Finance,HR Specialist,4,0.2867072008291332,238,0,59522,1
324,324,51,Male,Engineering,HR Specialist,7,0.0231207394497554,241,0,88569,0
325,325,44,Male,Marketing,Accountant,4,0.9905958525623222,208,1,94735,1
326,326,42,Male,Engineering,HR Specialist,2,0.9070479126634954,152,1,58062,1
327,327,44,Female,Engineering,Engineer,8,0.4717567000725837,186,1,52300,0
328,328,54,Male,Marketing,Accountant,9,0.8066039730769589,156,1,89623,0
329,329,34,Male,Sales,Accountant,8,0.4296447968665909,167,0,77841,0
330,330,47,Male,Engineering,Accountant,7,0.5155894686947047,207,0,89157,1
331,331,27,Female,Engineering,Engineer,3,0.5022812095831239,164,1,79253,1
332,332,33,Female,HR,Accountant,4,0.1755961736739834,176,0,49834,0
333,333,43,Female,Marketing,HR Specialist,2,0.467445696090173,190,1,42699,0
334,334,51,Female,Sales,Analyst,2,0.4686906126889296,245,0,66868,1
335,335,52,Male,Engineering,Engineer,10,0.904524710882748,178,0,42015,1
336,336,32,Male,Engineering,HR Specialist,5,0.6762723023009716,227,0,35610,1
337,337,32,Female,Marketing,Manager,1,0.6211001594690516,216,0,31053,1
338,338,42,Female,Sales,Accountant,10,0.6740807360007953,167,0,90843,1
339,339,45,Male,Sales,Analyst,1,0.6012340088448226,207,1,65174,0
340,340,37,Female,HR,Manager,6,0.2154814453295584,195,0,51874,1
341,341,51,Female,Marketing,Manager,2,0.1168482366907943,156,1,50329,0
342,342,40,Female,Engineering,Manager,1,0.9206892504996232,151,0,60973,1
343,343,33,Male,Finance,Manager,7,0.7680944937826767,246,1,69286,0
344,344,51,Female,Marketing,Manager,2,0.2450548574252506,221,0,73505,0
345,345,41,Male,HR,Manager,9,0.7516758257044254,157,0,92988,1
346,346,27,Female,Sales,Manager,10,0.1785318270700687,150,1,91629,0
347,347,28,Male,HR,Accountant,8,0.7388170621493996,241,0,73737,1
348,348,25,Male,Engineering,Analyst,2,0.3928065964727961,153,0,34192,1
349,349,38,Male,Engineering,Manager,9,0.0079192482350217,178,1,37243,1
350,350,32,Female,Sales,Manager,7,0.0706451087667084,196,0,78476,1
351,351,31,Male,Sales,Accountant,4,0.4721937125242693,155,0,72188,0
352,352,54,Female,Engineering,Accountant,2,0.031009276234046,221,0,71440,1
353,353,49,Male,Finance,Accountant,2,0.3944613186036805,229,0,72062,0
354,354,40,Female,Sales,Manager,9,0.3080310877764133,154,1,77656,0
355,355,35,Female,Marketing,Analyst,10,0.1059952131800213,183,0,78975,0
356,356,49,Female,HR,Accountant,7,0.4579359944378337,207,1,46454,1
357,357,57,Female,HR,Analyst,5,0.1159791225964911,220,1,82219,0
358,358,45,Male,Marketing,Accountant,10,0.1858628488385413,167,1,49610,1
359,359,34,Male,Sales,Engineer,1,0.9267072911908804,160,1,41420,1
360,360,33,Male,Finance,Analyst,7,0.4422202229750501,206,0,50645,1
361,361,25,Male,Finance,Manager,1,0.6857796007574043,150,0,44412,0
362,362,58,Male,Marketing,Accountant,3,0.965687511600168,225,1,50656,0
363,363,55,Female,Engineering,Engineer,2,0.1376687659773717,192,1,45102,1
364,364,45,Female,Sales,Accountant,2,0.3641803114996725,156,0,96293,0
365,365,48,Female,Sales,HR Specialist,2,0.8458703937684675,155,1,34447,1
366,366,43,Female,Engineering,Engineer,9,0.104432199275361,234,0,70513,1
367,367,45,Female,Engineering,Engineer,7,0.6404883103374313,194,1,63571,1
368,368,49,Male,Engineering,Engineer,1,0.8323388901767165,200,0,44560,1
369,369,44,Male,HR,HR Specialist,5,0.1086991189042357,191,0,56613,0
370,370,50,Female,Marketing,Engineer,2,0.8595326658902429,213,1,38562,0
371,371,31,Female,Finance,Accountant,10,0.7397303252435241,213,0,49301,0
372,372,27,Female,HR,HR Specialist,7,0.5086834121006804,187,0,48784,1
373,373,32,Female,Finance,Accountant,8,0.9600163470478792,168,1,31815,1
374,374,54,Female,Sales,HR Specialist,10,0.5047448558901882,180,0,46467,0
375,375,35,Male,Sales,Engineer,9,0.7519549784918638,175,0,37004,1
376,376,32,Female,Sales,HR Specialist,5,0.9443566736458052,245,0,49158,0
377,377,41,Male,HR,Manager,6,0.0852094654419265,247,0,81385,1
378,378,32,Female,Sales,Engineer,9,0.1976383920397513,159,0,75317,1
379,379,54,Male,Finance,Engineer,10,0.9158851822653146,166,1,69252,1
380,380,40,Male,Finance,Accountant,7,0.9393843948205108,211,0,60839,1
381,381,28,Male,Engineering,Manager,4,0.3204255563386999,229,1,33966,0
382,382,45,Male,Sales,Analyst,7,0.9618660436759182,247,1,72481,0
383,383,58,Male,Finance,Engineer,2,0.4344810203202304,209,1,58506,1
384,384,59,Male,Sales,Engineer,10,0.1143675459848161,214,0,84131,0
385,385,37,Female,Marketing,Manager,1,0.3209913605991867,193,0,57200,1
386,386,51,Female,HR,Analyst,3,0.3456180000989538,219,0,69582,1
387,387,32,Male,Marketing,Analyst,5,0.4964679461867965,190,1,86091,0
388,388,53,Male,Engineering,Engineer,5,0.2149843774850983,153,1,72604,0
389,389,40,Female,Marketing,HR Specialist,4,0.1576528300781757,213,1,38056,0
390,390,29,Female,Sales,HR Specialist,8,0.2611470186530066,220,1,89766,1
391,391,34,Female,Finance,Accountant,7,0.8838541735805158,219,1,83069,0
392,392,39,Male,HR,Accountant,6,0.0660869030508192,151,0,59173,1
393,393,45,Male,Engineering,Manager,6,0.54495817412352,243,1,62295,0
394,394,58,Male,Engineering,HR Specialist,6,0.3553715265143388,158,0,32272,1
395,395,46,Female,HR,Accountant,4,0.4373269286907989,220,1,40220,1
396,396,46,Male,Finance,Engineer,7,0.7216459569779543,184,1,65922,0
397,397,33,Male,Engineering,Analyst,1,0.9674728333653362,205,1,45758,0
398,398,50,Female,Finance,Engineer,2,0.9492517718105457,214,0,37334,1
399,399,37,Female,Engineering,Analyst,4,0.749325080379094,204,1,57260,1
400,400,42,Male,Finance,Accountant,7,0.2123107215564157,179,0,83920,1
401,401,25,Female,Sales,Manager,4,0.2011488085849492,206,0,98845,1
402,402,47,Male,Engineering,Manager,2,0.2755257905064046,243,1,34669,0
403,403,57,Female,Marketing,Analyst,2,0.7487456067446843,157,0,81252,1
404,404,55,Female,Engineering,Accountant,3,0.3551576924077917,212,1,72256,0
405,405,45,Female,Finance,Analyst,10,0.2613088134643575,225,0,77244,1
406,406,47,Female,HR,Engineer,2,0.4292845624566117,215,1,58627,1
407,407,40,Male,HR,Manager,4,0.0149018747818255,151,1,35798,1
408,408,51,Female,Finance,Accountant,10,0.6069549325828829,218,0,51421,0
409,409,38,Male,Sales,Engineer,1,0.4678078150259314,186,0,93822,0
410,410,31,Male,Marketing,Analyst,6,0.9217207282618706,187,1,73509,0
411,411,36,Female,Engineering,Manager,5,0.363328238453482,167,1,98405,0
412,412,52,Male,Engineering,Accountant,9,0.0286107309839149,197,1,45758,0
413,413,27,Male,Finance,Engineer,1,0.7231132927379438,215,0,47841,1
414,414,46,Male,Engineering,Analyst,7,0.6075992168396995,188,1,35265,1
415,415,45,Male,Finance,Manager,10,0.4597407277363399,155,0,99071,1
416,416,53,Female,Finance,HR Specialist,5,0.926643518279964,215,1,55071,1
417,417,44,Female,Finance,Engineer,10,0.5213643908031745,155,0,31472,1
418,418,27,Male,HR,HR Specialist,1,0.2623096670985038,156,1,52874,1
419,419,51,Female,Engineering,Manager,5,0.9039652677068304,170,0,91705,1
420,420,45,Male,HR,Manager,7,0.4645542592188038,195,1,97650,0
421,421,57,Male,Finance,Manager,7,0.7307939495019227,223,0,54467,1
422,422,54,Female,Finance,Engineer,4,0.467568223505663,175,1,63124,0
423,423,33,Female,Finance,Manager,8,0.3736988418939307,171,1,76234,0
424,424,47,Female,Engineering,Accountant,7,0.0266186381432422,182,1,33931,0
425,425,47,Male,HR,Manager,8,0.8001095367077115,196,1,51668,0
426,426,25,Female,Engineering,Accountant,4,0.7015932931636033,194,0,80690,0
427,427,45,Male,Marketing,HR Specialist,5,0.1128565684997724,195,1,66229,1
428,428,56,Female,Marketing,Accountant,5,0.4992961742379752,213,0,64140,1
429,429,50,Male,Marketing,Analyst,5,0.6569260520021919,225,0,50970,0
430,430,57,Male,Marketing,Manager,2,0.4817442364895683,161,0,60858,1
431,431,33,Female,Finance,Analyst,1,0.9164612637717304,249,1,48447,1
432,432,41,Male,HR,Accountant,4,0.720447739749927,222,1,34152,1
433,433,30,Male,Sales,Analyst,8,0.0933647321850577,192,1,32182,0
434,434,31,Male,Sales,Analyst,4,0.8644199492712148,162,1,83201,1
435,435,31,Male,Marketing,Engineer,5,0.5127939521802685,159,0,64659,0
436,436,29,Female,HR,Engineer,9,0.8928211742691192,229,0,47406,1
437,437,57,Male,Engineering,Accountant,1,0.8395337616891257,249,1,39887,0
438,438,34,Male,Engineering,Accountant,7,0.9205307626503776,172,1,52122,1
439,439,41,Female,Marketing,Manager,3,0.949071155703,226,1,96167,1
440,440,52,Male,Marketing,HR Specialist,3,0.7850547151359385,223,0,79419,0
441,441,46,Male,Engineering,Accountant,8,0.7320357374578189,233,1,34983,1
442,442,45,Male,Sales,Analyst,8,0.4906512616021815,189,1,41908,0
443,443,56,Female,Sales,Accountant,1,0.9885121487222146,234,1,68137,0
444,444,56,Male,Finance,Manager,4,0.483386191012551,199,0,52386,0
445,445,55,Male,Sales,Analyst,5,0.7000659725689824,243,0,60907,0
446,446,30,Female,Engineering,Analyst,9,0.8244599110189983,182,1,67919,1
447,447,45,Male,Marketing,Analyst,7,0.2377073788458646,161,1,90686,1
448,448,59,Male,Engineering,Accountant,9,0.6781707431826083,237,0,69158,1
449,449,38,Female,Engineering,Accountant,9,0.5163346267745043,183,1,38395,1
450,450,47,Female,Finance,Manager,10,0.8193483756195459,227,0,43501,0
451,451,48,Female,Sales,Engineer,1,0.4762533061042924,204,0,38228,0
452,452,54,Male,Sales,HR Specialist,4,0.7970506210087491,233,0,56690,0
453,453,34,Male,Engineering,Manager,2,0.2092821437166045,194,0,80428,1
454,454,29,Male,Finance,HR Specialist,4,0.4212820942013064,162,0,35568,1
455,455,54,Female,Engineering,Analyst,4,0.1094978122988363,181,0,99206,0
456,456,31,Male,HR,Manager,3,0.2315310068217193,233,0,63229,1
457,457,30,Male,HR,Engineer,10,0.1472559919594062,171,0,61098,1
458,458,32,Female,Sales,Accountant,6,0.8083482975820633,229,0,63277,0
459,459,50,Male,Engineering,Analyst,4,0.5417513455488622,184,1,47899,0
460,460,42,Female,Sales,HR Specialist,6,0.7369084429397413,233,1,32252,1
461,461,50,Male,HR,Analyst,2,0.7439983363597694,246,1,83793,1
462,462,28,Male,HR,Analyst,4,0.280592195488053,221,1,45710,0
463,463,37,Female,Engineering,Manager,9,0.6070274084729331,152,0,93376,1
464,464,48,Female,Finance,Accountant,4,0.5697993435703675,153,0,62429,0
465,465,55,Male,Sales,Manager,1,0.4900760437387719,237,0,46051,0
466,466,46,Male,Engineering,Accountant,2,0.0665284657293517,233,0,98551,0
467,467,42,Male,HR,Manager,6,0.3592380580502808,232,0,98112,0
468,468,58,Male,Sales,Accountant,10,0.6748343768829334,209,1,70785,1
469,469,47,Male,Marketing,Engineer,10,0.1743978615603132,150,1,83328,0
470,470,25,Male,Sales,Accountant,3,0.0546759743574396,180,0,44251,1
471,471,44,Female,Finance,Engineer,1,0.3756395412504751,215,1,42122,1
472,472,49,Female,Engineering,Manager,8,0.0745366862994341,190,1,32476,1
473,473,30,Male,Engineering,Accountant,4,0.773209220450679,248,1,37819,1
474,474,54,Female,Finance,Engineer,10,0.8350643895930558,165,1,93647,1
475,475,44,Female,Sales,HR Specialist,6,0.7258355944896595,155,0,84642,1
476,476,33,Male,Sales,Engineer,6,0.3242058183041204,211,1,81179,1
477,477,42,Female,HR,Engineer,6,0.8748059553816854,161,0,60684,1
478,478,27,Female,Sales,Manager,8,0.0388537701958044,205,1,78586,0
479,479,30,Female,Marketing,Analyst,3,0.330097053200146,203,1,36342,1
480,480,25,Male,Finance,Engineer,7,0.1485177976169798,233,1,87748,1
481,481,43,Female,HR,Accountant,7,0.772273779685441,204,0,52281,1
482,482,52,Male,Engineering,Manager,10,0.878065862891652,237,0,31475,0
483,483,33,Male,Finance,Accountant,5,0.639531828541022,215,1,50116,0
484,484,34,Male,Engineering,Engineer,6,0.7710801122680846,211,1,60563,0
485,485,48,Female,Finance,Manager,9,0.3163187572394733,230,0,63836,0
486,486,50,Female,Engineering,Analyst,2,0.4852178471783338,170,1,70312,1
487,487,32,Female,Engineering,Analyst,1,0.4316645100356093,178,0,87579,1
488,488,29,Female,HR,Accountant,2,0.2141892930578047,213,1,35273,1
489,489,37,Male,Sales,Manager,9,0.8510489800188509,202,0,53055,1
490,490,46,Female,Sales,Accountant,7,0.5387003622438757,213,0,63425,1
491,491,58,Male,Finance,Analyst,8,0.0351459259912524,170,0,91437,0
492,492,49,Female,HR,Accountant,1,0.2700459136247081,215,1,67147,1
493,493,47,Female,Sales,HR Specialist,1,0.1255320905566372,220,1,85742,0
494,494,45,Female,Engineering,Engineer,7,0.1511176949146666,153,0,68187,0
495,495,27,Male,Finance,Analyst,5,0.6015691234448843,189,0,90525,0
496,496,32,Male,Sales,HR Specialist,5,0.0598648869818267,229,0,81642,1
497,497,46,Male,Marketing,Analyst,3,0.0028440059130773,198,1,42539,0
498,498,35,Male,Sales,Engineer,4,0.8591138709442458,195,1,97250,0
499,499,47,Female,Engineering,Analyst,5,0.290019226763068,182,0,33311,1
500,500,40,Male,HR,Analyst,1,0.7204774343372721,231,0,74148,0
501,501,52,Male,Finance,Manager,2,0.6960628667818334,164,1,38735,1
502,502,59,Male,Engineering,HR Specialist,8,0.4244521438954887,232,0,43794,1
503,503,53,Male,Engineering,Accountant,1,0.5358590591960155,177,0,73721,1
504,504,30,Female,Marketing,Analyst,10,0.398685265853746,164,1,68051,1
505,505,38,Female,Engineering,Engineer,6,0.1256890186411599,183,1,87804,0
506,506,53,Male,Marketing,Analyst,7,0.8465984658493394,201,1,83172,0
507,507,52,Female,Engineering,Engineer,8,0.6557074959004799,160,0,69512,1
508,508,34,Male,Sales,HR Specialist,3,0.2349553746151401,238,0,37456,1
509,509,28,Female,Finance,Accountant,4,0.962189509444676,166,0,66268,1
510,510,48,Male,HR,Analyst,4,0.1591831994169379,169,1,66239,0
511,511,26,Male,Marketing,Accountant,10,0.6725883728340728,220,0,44727,0
512,512,53,Male,HR,Accountant,10,0.0952166504327931,162,1,48599,0
513,513,49,Male,Finance,Engineer,7,0.7675784850178553,246,1,61890,0
514,514,55,Female,Marketing,Analyst,1,0.200789301868004,170,1,85073,1
515,515,39,Male,Engineering,Manager,10,0.0873069212343484,205,0,34633,0
516,516,57,Male,Marketing,Analyst,6,0.2965213339140977,239,1,99566,0
517,517,32,Female,HR,Manager,4,0.0754900278918915,221,1,31347,0
518,518,40,Male,Finance,Manager,1,0.804374129310682,219,0,44704,1
519,519,58,Male,Engineering,HR Specialist,1,0.7875047728657362,232,0,99991,0
520,520,30,Male,Sales,HR Specialist,8,0.8969251246541502,204,1,82078,0
521,521,47,Female,Engineering,Manager,7,0.8890446727415144,211,0,94130,1
522,522,45,Female,Engineering,Analyst,2,0.8260198518223637,227,1,72752,0
523,523,59,Male,Sales,HR Specialist,7,0.3200965267703672,249,1,99584,0
524,524,53,Female,Engineering,HR Specialist,2,0.839469354594638,234,0,34172,0
525,525,59,Male,Engineering,HR Specialist,8,0.3323672613165203,156,1,66406,0
526,526,26,Female,HR,Engineer,7,0.1076865396854509,245,0,66024,1
527,527,57,Male,Sales,Manager,5,0.8444804424857016,219,1,41439,0
528,528,50,Female,Marketing,Analyst,1,0.3613422175949536,227,0,91504,1
529,529,56,Female,Engineering,HR Specialist,7,0.3567419393446823,189,1,94294,1
530,530,42,Female,Engineering,Engineer,1,0.6701467559072453,235,0,89725,1
531,531,58,Male,HR,Analyst,2,0.3321147944131318,217,0,31435,1
532,532,54,Female,Engineering,Analyst,1,0.3014501213273916,217,1,56769,0
533,533,47,Male,HR,Analyst,7,0.4267792705060792,186,0,93028,1
534,534,44,Female,HR,Analyst,3,0.5796032328481748,222,0,43791,0
535,535,47,Male,Engineering,Analyst,4,0.2221047395066716,202,1,48251,1
536,536,32,Female,Engineering,HR Specialist,7,0.8526088566609565,152,0,77213,1
537,537,38,Male,Engineering,Engineer,3,0.9686851668543272,232,0,94306,0
538,538,47,Male,Sales,Analyst,8,0.3300871766793729,162,1,93791,0
539,539,38,Male,Finance,Analyst,5,0.576809546419559,184,1,51349,0
540,540,26,Male,Finance,Manager,5,0.9731695418009249,178,0,83381,1
541,541,28,Male,HR,Accountant,2,0.8310652409269009,195,1,31015,0
542,542,48,Female,Sales,Analyst,9,0.6771271066054553,151,1,64407,0
543,543,33,Female,Sales,Engineer,8,0.2593869691230984,232,0,42945,1
544,544,40,Female,Marketing,Manager,7,0.5626985139677804,172,0,75542,1
545,545,56,Female,Marketing,Analyst,10,0.0692331121374096,156,1,67058,1
546,546,56,Male,Finance,Accountant,4,0.1920801545673774,229,1,53211,1
547,547,51,Male,Sales,Accountant,6,0.010444816496314,168,1,35667,0
548,548,39,Male,Engineering,Accountant,8,0.8645313958359793,186,1,54380,0
549,549,28,Male,HR,Manager,7,0.275060304713645,230,1,99002,0
550,550,49,Female,Marketing,Manager,8,0.2289579637214033,161,1,53633,0
551,551,39,Male,Engineering,Engineer,4,0.9048225034098516,223,0,96208,1
552,552,36,Female,HR,Manager,10,0.4782764904328251,205,1,68372,1
553,553,31,Male,Sales,Engineer,1,0.2989316232766223,203,0,75599,0
554,554,48,Female,Marketing,Accountant,6,0.0517875281242717,194,1,54308,0
555,555,30,Female,Marketing,HR Specialist,9,0.0239511178031345,185,0,65562,0
556,556,55,Female,Finance,Accountant,2,0.0207210546711844,222,0,62728,1
557,557,45,Female,Marketing,Manager,6,0.6202523281326736,194,0,85262,0
558,558,35,Female,Sales,Analyst,8,0.870768279550006,174,1,68662,0
559,559,40,Female,Finance,Manager,6,0.6549933874999715,226,0,59461,1
560,560,38,Female,HR,Engineer,10,0.4299398484711918,195,1,90263,0
561,561,49,Male,Marketing,HR Specialist,7,0.6904602348617428,198,1,57042,0
562,562,38,Male,Finance,Manager,8,0.4756485832742946,223,1,38343,1
563,563,42,Female,Sales,Manager,7,0.1135191903357104,232,1,94611,1
564,564,38,Male,Sales,Analyst,6,0.3940494300775718,240,1,67607,1
565,565,48,Female,Engineering,Accountant,7,0.2520850711648408,232,0,48220,0
566,566,32,Female,Finance,Engineer,8,0.4007102306852231,216,0,46446,1
567,567,49,Female,HR,Engineer,3,0.8036464311777303,175,0,58523,0
568,568,58,Male,Sales,Engineer,5,0.5097913428949129,169,0,42706,0
569,569,52,Male,Sales,Accountant,9,0.2158958470693217,245,1,38896,1
570,570,48,Female,Engineering,Manager,10,0.5278602043135839,178,1,92936,1
571,571,42,Male,Finance,HR Specialist,5,0.5266178103758654,185,0,46249,1
572,572,58,Female,HR,HR Specialist,8,0.485516383078644,214,1,55141,0
573,573,27,Female,Marketing,Analyst,1,0.3658943966195177,169,1,89082,0
574,574,36,Male,Engineering,Engineer,6,0.5805158403937568,242,0,92977,0
575,575,29,Male,Sales,Manager,2,0.1768084400669147,223,1,35813,1
576,576,43,Female,Marketing,Analyst,4,0.5638066342176654,246,1,85800,0
577,577,36,Male,Finance,Accountant,8,0.0847189650483825,207,0,94151,0
578,578,51,Male,Engineering,Accountant,1,0.6848440154803075,161,1,97101,1
579,579,41,Male,HR,Analyst,2,0.1341463548593903,235,0,64691,0
580,580,52,Female,Sales,Analyst,2,0.9500950055958152,228,0,90009,1
581,581,46,Male,Sales,Accountant,3,0.8123087852137085,245,0,45968,1
582,582,34,Male,HR,HR Specialist,10,0.4360902951025647,212,1,32193,1
583,583,30,Male,Sales,HR Specialist,10,0.1476029083896921,227,0,96568,1
584,584,41,Female,Marketing,Engineer,4,0.9316622820918884,244,0,82011,0
585,585,36,Male,Finance,HR Specialist,3,0.4869831968804505,175,0,80787,1
586,586,30,Female,Sales,Accountant,2,0.0213718760946267,183,0,47600,1
587,587,46,Male,Engineering,Engineer,7,0.1237130031742629,180,1,35529,1
588,588,40,Female,Marketing,Analyst,1,0.5059402740573691,223,0,38691,0
589,589,28,Male,Engineering,Engineer,8,0.4519842360218168,221,0,92597,0
590,590,49,Male,Finance,Engineer,9,0.8627126431260436,228,0,51575,1
591,591,57,Female,Finance,HR Specialist,4,0.870063019991485,173,1,60435,0
592,592,25,Female,Sales,Accountant,8,0.9525851941903404,150,1,78199,0
593,593,39,Male,Sales,Manager,10,0.4750346177525851,176,1,82555,0
594,594,41,Male,Sales,Analyst,7,0.9569206477006452,186,1,71559,1
595,595,43,Male,Marketing,Accountant,9,0.3065756109511023,216,1,55788,0
596,596,43,Female,Engineering,Engineer,7,0.0614079768998598,168,0,87535,1
597,597,44,Male,HR,HR Specialist,1,0.5390797502364367,242,1,56368,0
598,598,25,Male,Marketing,Engineer,4,0.2216815617213515,207,1,67056,1
599,599,47,Female,HR,Engineer,6,0.95665244288659,223,1,35721,1
600,600,40,Male,HR,HR Specialist,9,0.4727085774326522,216,1,64692,0
601,601,48,Male,HR,Engineer,4,0.1935332244589965,170,1,35293,0
602,602,44,Female,Sales,HR Specialist,2,0.1865191545824819,230,1,51316,1
603,603,39,Female,HR,Manager,6,0.1964440082921865,223,0,75657,0
604,604,48,Male,Engineering,Analyst,3,0.0854957559382084,248,0,35963,1
605,605,57,Female,Sales,Engineer,3,0.3837931922654971,204,0,72722,0
606,606,56,Female,Engineering,Analyst,3,0.3466000136696293,249,0,37800,1
607,607,55,Male,Finance,Analyst,6,0.4322984862305501,248,1,32960,1
608,608,39,Female,Engineering,Manager,2,0.6256763224156635,241,0,67201,0
609,609,25,Male,HR,Analyst,3,0.5102146438116488,183,1,97170,0
610,610,36,Female,Finance,Accountant,7,0.4805332100693907,161,0,82856,0
611,611,59,Male,HR,Manager,4,0.8570366760578936,196,1,65864,1
612,612,54,Female,Marketing,HR Specialist,3,0.2281929904473582,241,1,38981,1
613,613,50,Female,HR,HR Specialist,8,0.3237679554937616,150,1,87741,1
614,614,35,Male,Finance,Engineer,1,0.6365942338553944,241,0,81235,0
615,615,56,Female,HR,Accountant,6,0.1072324184272185,175,1,75531,1
616,616,26,Male,Finance,Manager,7,0.8046857211542401,191,0,46324,1
617,617,34,Female,Marketing,Accountant,1,0.8130486946103281,230,0,48196,1
618,618,46,Female,HR,Manager,3,0.2804827178658748,243,0,82067,0
619,619,33,Male,Finance,HR Specialist,9,0.2662324161021366,228,0,50262,1
620,620,54,Male,Finance,Analyst,9,0.2091251514192021,165,0,76960,1
621,621,49,Female,Finance,Accountant,10,0.3154900012749525,216,0,90788,1
622,622,45,Male,Finance,Engineer,3,0.6147834032190523,194,1,55180,0
623,623,42,Male,HR,Accountant,9,0.4533555542379646,203,1,68415,1
624,624,44,Male,Sales,Manager,8,0.2617943393894157,193,0,37796,1
625,625,40,Male,Engineering,HR Specialist,2,0.9833239936368858,170,1,37291,1
626,626,59,Male,Finance,Engineer,7,0.4008619079151012,155,1,52160,1
627,627,53,Male,Sales,Engineer,7,0.3108225462753972,158,1,86198,0
628,628,54,Male,HR,Engineer,8,0.9340612200356794,240,1,56794,0
629,629,27,Male,Marketing,Accountant,4,0.732572372360327,249,0,48121,0
630,630,56,Female,Finance,Accountant,10,0.0645355423712149,229,1,40747,0
631,631,38,Female,Sales,Manager,7,0.1641706192995858,198,0,75386,0
632,632,50,Female,Sales,Analyst,3,0.7862337379593178,216,1,53097,1
633,633,29,Male,Marketing,Engineer,6,0.4145641771757704,221,1,91913,0
634,634,52,Female,Sales,Engineer,2,0.1013327466565335,226,0,58666,1
635,635,32,Female,Sales,Analyst,8,0.3287770910149319,173,1,93766,1
636,636,57,Male,Engineering,HR Specialist,8,0.6361624064926745,183,0,55216,1
637,637,37,Female,HR,Accountant,4,0.6300031718936397,221,1,52385,1
638,638,44,Male,Marketing,Engineer,5,0.1784214097752654,228,1,53084,1
639,639,42,Female,Finance,Manager,5,0.747357566182855,221,1,31326,0
640,640,44,Female,Engineering,Accountant,3,0.3873973613366734,217,1,58556,1
641,641,57,Male,Finance,Engineer,4,0.7438680851150393,157,1,64696,1
642,642,45,Female,Engineering,Analyst,9,0.6345458169290162,173,0,75754,0
643,643,48,Male,Sales,Manager,2,0.0752314962513943,163,1,97670,1
644,644,52,Female,Marketing,Manager,3,0.155503386494508,175,0,78446,1
645,645,29,Male,Engineering,Accountant,2,0.743809719941609,150,0,69135,1
646,646,54,Female,Sales,Engineer,6,0.1059544046978843,225,0,35597,1
647,647,48,Male,Engineering,Engineer,9,0.2016355779110776,214,0,52845,1
648,648,38,Male,HR,Manager,3,0.8623328959396549,184,0,44713,0
649,649,50,Male,Marketing,Analyst,9,0.9639110982733896,210,0,64259,0
650,650,37,Female,HR,Engineer,1,0.2097879578504016,248,1,96848,1
651,651,45,Female,Finance,Analyst,2,0.2128392232458642,220,1,77108,0
652,652,50,Male,HR,Analyst,5,0.4789064020210939,200,1,33619,0
653,653,58,Female,Sales,Engineer,3,0.1743702887486541,210,0,42027,0
654,654,38,Female,Finance,Analyst,5,0.6216113367748421,154,0,98956,1
655,655,45,Female,Finance,Accountant,7,0.7412150794792167,222,0,91590,0
656,656,43,Male,Finance,Engineer,6,0.7564274269055317,230,1,30957,0
657,657,36,Male,Marketing,Engineer,3,0.8979082114697393,213,0,37912,0
658,658,54,Male,Finance,HR Specialist,8,0.2436772305997875,187,0,42217,1
659,659,57,Male,HR,Engineer,10,0.9614937334659652,170,1,64197,1
660,660,47,Male,Finance,Manager,10,0.0186433227361456,167,0,39839,0
661,661,37,Male,Marketing,Manager,10,0.9999772724800344,157,0,86167,1
662,662,52,Female,Engineering,Analyst,4,0.5843331932632928,163,0,44302,0
663,663,52,Female,Marketing,Engineer,10,0.6809157826793361,215,1,99586,0
664,664,43,Male,Marketing,Engineer,10,0.151175626283633,173,1,93970,0
665,665,55,Male,HR,Accountant,9,0.1220463044265423,214,0,35486,0
666,666,41,Male,Engineering,Accountant,5,0.284980442096682,233,0,50319,1
667,667,52,Female,Sales,Engineer,7,0.5679622715994557,202,1,69506,0
668,668,28,Female,Finance,HR Specialist,5,0.1269450081013539,238,0,65409,0
669,669,30,Female,Finance,Analyst,7,0.9343940616124192,239,1,76601,0
670,670,43,Male,HR,Manager,10,0.769652447121744,150,0,55574,0
671,671,47,Female,Sales,Accountant,1,0.3219388780603254,184,1,98703,1
672,672,30,Male,Engineering,Accountant,6,0.984407189513569,245,0,87689,1
673,673,48,Male,Marketing,Analyst,4,0.9806987924988646,238,0,63365,1
674,674,46,Female,Finance,Manager,3,0.3224164844824373,239,1,39883,1
675,675,45,Male,Engineering,Analyst,4,0.7624603392634594,201,0,81628,1
676,676,38,Female,HR,Manager,10,0.2283437358196289,213,1,72043,1
677,677,48,Female,Marketing,Manager,1,0.1257553189712769,230,1,69001,0
678,678,49,Male,HR,Manager,8,0.7866650165562891,155,1,37113,1
679,679,41,Male,Marketing,Engineer,5,0.5727368149757425,218,1,74360,1
680,680,59,Female,Marketing,Manager,2,0.4885056067842929,150,0,79792,0
681,681,41,Male,Finance,Engineer,4,0.4898462590451276,168,1,48258,1
682,682,52,Female,HR,Manager,5,0.9999786460864069,159,0,34471,0
683,683,26,Female,Engineering,HR Specialist,6,0.6380453646217108,237,1,99672,0
684,684,58,Male,Engineering,Accountant,1,0.7663230191243772,178,1,78851,1
685,685,25,Female,Finance,HR Specialist,5,0.038929118175108,160,0,44046,0
686,686,27,Female,Sales,Manager,10,0.7889238248094698,236,1,47473,0
687,687,46,Female,Marketing,Engineer,1,0.068393738383592,169,1,49134,1
688,688,28,Male,Marketing,Analyst,2,0.019367478943716,177,1,88384,1
689,689,39,Female,Engineering,Engineer,6,0.5529886762684338,235,1,37817,0
690,690,36,Male,Engineering,Manager,5,0.770280109873264,173,0,65839,1
691,691,31,Male,Sales,HR Specialist,6,0.4655246525147328,240,0,66024,1
692,692,55,Male,HR,Engineer,10,0.0090087942690082,177,1,57216,0
693,693,29,Male,Sales,HR Specialist,9,0.472849732838964,182,0,47618,0
694,694,51,Male,HR,Engineer,4,0.6455477311819424,190,1,61327,1
695,695,49,Female,HR,Analyst,1,0.2041073818212304,218,1,70487,0
696,696,41,Female,Finance,Manager,7,0.4587861666729169,169,1,76520,1
697,697,52,Female,Finance,Accountant,4,0.9542328450851456,229,1,51860,0
698,698,51,Male,HR,Accountant,10,0.4339423869202531,165,0,59104,1
699,699,50,Female,HR,Manager,5,0.5105835775399054,173,1,94861,1
700,700,53,Male,HR,Manager,7,0.5058613496808848,239,1,99361,1
701,701,51,Female,Sales,Engineer,6,0.7625215362598607,179,0,39963,0
702,702,41,Male,Finance,HR Specialist,7,0.990042562957104,160,1,30706,0
703,703,40,Female,Sales,Manager,7,0.0917277035985,248,0,39629,0
704,704,33,Female,Finance,HR Specialist,9,0.1057016554014333,160,0,99241,0
705,705,56,Male,Marketing,Accountant,9,0.5731065277892952,214,0,45288,0
706,706,25,Male,Marketing,Accountant,10,0.9702097111655816,165,1,36830,0
707,707,33,Female,Engineering,Manager,7,0.1537411309642372,218,1,52248,1
708,708,31,Male,Finance,Engineer,3,0.8924595584095214,217,0,30532,0
709,709,30,Male,Finance,Manager,7,0.3942105708288722,152,0,66677,1
710,710,28,Male,HR,Analyst,5,0.4584638156323471,156,0,42179,1
711,711,34,Male,Engineering,HR Specialist,9,0.6443200836090768,203,0,81516,0
712,712,34,Male,Marketing,Engineer,10,0.6993791117633571,193,0,60560,0
713,713,59,Male,Marketing,Engineer,10,0.2573024819759059,183,1,72294,0
714,714,32,Female,Sales,Engineer,2,0.3230881138052778,177,0,89446,0
715,715,47,Male,Marketing,Engineer,1,0.2763933600667677,186,1,80763,0
716,716,31,Female,Sales,Engineer,10,0.8916391165566242,181,1,40362,1
717,717,26,Female,Sales,Analyst,3,0.6867808841443525,224,0,56859,0
718,718,44,Male,Sales,Engineer,4,0.2975892857805765,167,1,66066,0
719,719,55,Female,Marketing,Accountant,3,0.1050513203706947,242,0,38104,1
720,720,54,Female,Finance,Accountant,7,0.0208396337138228,247,0,46263,1
721,721,49,Male,HR,HR Specialist,1,0.868744475619441,216,0,66121,0
722,722,34,Male,HR,Manager,10,0.2166831396493005,181,0,85641,1
723,723,41,Female,Sales,HR Specialist,5,0.1576749246306789,184,0,54831,1
724,724,33,Male,Finance,Accountant,9,0.9887871958680194,238,0,69001,0
725,725,56,Male,Engineering,Analyst,4,0.1614306955816135,242,0,76668,0
726,726,48,Male,Marketing,Manager,5,0.6562418793477547,167,0,65587,0
727,727,40,Male,Marketing,Analyst,5,0.2174351886167469,187,0,50096,1
728,728,36,Female,HR,Analyst,4,0.616643814499665,195,0,74143,0
729,729,59,Female,Sales,Manager,1,0.672880567634355,208,1,56843,0
730,730,41,Male,Finance,Accountant,9,0.8665491286535957,178,0,93351,0
731,731,53,Male,Finance,Engineer,3,0.517935082107338,214,1,77976,0
732,732,59,Female,Marketing,HR Specialist,5,0.8365534328175742,161,0,60095,0
733,733,28,Male,Finance,Accountant,4,0.1036288484057481,159,0,86012,1
734,734,31,Male,Finance,Analyst,8,0.3551597599446017,192,0,71174,0
735,735,43,Female,Marketing,Accountant,2,0.0127083246575461,210,0,42585,1
736,736,52,Female,Finance,Accountant,1,0.3703525783269578,203,1,54532,0
737,737,46,Female,Finance,HR Specialist,9,0.0397553781517717,173,0,56872,0
738,738,45,Female,HR,Accountant,8,0.9696432252969862,235,0,60146,1
739,739,29,Male,Marketing,Analyst,1,0.5980537768589096,227,1,42438,0
740,740,56,Male,Sales,Engineer,10,0.4048085041612221,199,0,32573,0
741,741,25,Female,Sales,HR Specialist,10,0.5852541031771342,151,0,87104,0
742,742,44,Female,HR,Manager,1,0.3792444936648629,202,1,58453,0
743,743,52,Female,Marketing,Manager,6,0.0486414054591625,248,1,72136,1
744,744,36,Male,HR,Accountant,5,0.8038023798435385,211,1,85195,1
745,745,42,Female,Sales,Accountant,8,0.1493050691083656,218,0,93571,0
746,746,29,Male,Marketing,Accountant,3,0.5931063474071039,154,0,96110,0
747,747,55,Male,Marketing,HR Specialist,8,0.0708218994312831,246,1,38584,0
748,748,26,Female,HR,Accountant,8,0.6495113021328073,161,0,68549,1
749,749,33,Male,Marketing,Accountant,2,0.2442130758575019,243,0,91069,0
750,750,26,Male,Marketing,Manager,5,0.7962225320496449,202,0,86923,0
751,751,42,Male,Finance,Manager,3,0.8804512521642701,176,1,56124,0
752,752,59,Female,Sales,HR Specialist,5,0.3306053587375467,153,1,88048,0
753,753,49,Male,Engineering,HR Specialist,10,0.5498873600132886,210,0,37574,1
754,754,40,Male,HR,Engineer,10,0.810484261501227,240,0,57209,1
755,755,44,Female,Finance,Accountant,6,0.4177923418965106,192,1,83180,0
756,756,28,Female,Marketing,Engineer,9,0.2151602421075196,193,0,84814,1
757,757,56,Female,Engineering,Manager,6,0.0220377888473528,246,0,63416,1
758,758,44,Male,Marketing,Engineer,4,0.677653900816814,209,1,62614,0
759,759,39,Female,Engineering,HR Specialist,10,0.6506147687307012,172,0,80189,1
760,760,42,Male,HR,Manager,1,0.1599890277884693,161,0,58015,0
761,761,31,Male,HR,Manager,7,0.6345247056064283,164,0,68402,0
762,762,27,Male,Marketing,Analyst,4,0.5365094975547917,183,0,42938,0
763,763,32,Male,Sales,Manager,5,0.1496820296839711,166,0,43063,0
764,764,53,Female,Marketing,Engineer,9,0.2098826893241567,216,0,67793,1
765,765,32,Male,Engineering,Analyst,10,0.4716301697901877,163,0,60017,1
766,766,25,Female,Finance,Manager,3,0.5985107537986578,225,0,56633,0
767,767,45,Male,Sales,Engineer,10,0.7011042723380201,229,1,97497,1
768,768,26,Female,Engineering,Accountant,4,0.1075822930663591,227,1,80647,1
769,769,58,Male,Sales,HR Specialist,7,0.3004701914367061,152,1,36566,1
770,770,45,Female,Sales,Accountant,6,0.9700350321559468,222,1,53466,0
771,771,57,Male,HR,Analyst,5,0.8721557499138762,202,1,74675,1
772,772,31,Male,Sales,Engineer,7,0.9476901045179188,243,0,33757,1
773,773,39,Female,HR,Manager,5,0.3509512871972334,222,0,51376,0
774,774,33,Male,Finance,Analyst,5,0.6170527322062637,205,0,30394,1
775,775,54,Female,Sales,HR Specialist,6,0.8788255492921696,152,0,51522,1
776,776,41,Female,Finance,Engineer,5,0.1321944827933899,230,0,80031,1
777,777,45,Male,Marketing,Engineer,2,0.0562871371352421,221,1,59666,1
778,778,27,Female,Sales,HR Specialist,3,0.6121133860198124,158,0,69170,0
779,779,41,Male,Sales,HR Specialist,9,0.5575405173928076,179,0,53799,0
780,780,41,Female,Engineering,Accountant,9,0.7580009093890284,195,0,79181,0
781,781,35,Female,Marketing,Manager,10,0.169282622422256,195,0,49292,0
782,782,34,Male,Sales,Manager,2,0.7965255847942795,233,0,96750,1
783,783,25,Male,Marketing,Analyst,10,0.8244554216103779,153,1,39132,0
784,784,34,Female,Marketing,Manager,5,0.1968965755322955,239,0,66661,0
785,785,49,Male,HR,Engineer,8,0.3762658649766637,217,0,38406,1
786,786,40,Female,Sales,Manager,8,0.4105278790964494,241,0,63301,1
787,787,56,Male,Engineering,Manager,6,0.175641033152365,158,0,39619,0
788,788,49,Male,Finance,Manager,7,0.2879065205487834,241,0,75992,1
789,789,37,Male,Sales,Analyst,10,0.1836808456723012,242,0,68411,0
790,790,40,Female,HR,Engineer,2,0.7761383918994036,171,0,59859,1
791,791,44,Male,Marketing,HR Specialist,3,0.4810551080310606,156,1,51776,0
792,792,52,Female,Sales,HR Specialist,2,0.7179191067182946,189,0,69246,0
793,793,32,Male,Engineering,Engineer,3,0.8595163680479233,152,1,37525,0
794,794,55,Male,Finance,Accountant,7,0.8975282860305854,192,0,70411,0
795,795,52,Female,HR,Manager,6,0.0315707147561178,239,1,88770,0
796,796,53,Female,Sales,Accountant,6,0.5564725440616477,167,1,75826,1
797,797,58,Female,Sales,Manager,2,0.958490392217687,235,1,73092,1
798,798,44,Male,Sales,Accountant,5,0.838682400805847,191,0,43496,0
799,799,29,Female,Sales,Engineer,7,0.8713708888354867,210,1,41009,1
800,800,51,Female,Marketing,Analyst,7,0.3648879131540359,188,0,73232,0
801,801,55,Female,Sales,Analyst,8,0.7079331319043227,248,1,90300,0
802,802,57,Male,Marketing,HR Specialist,6,0.4813370336781987,179,1,30194,1
803,803,56,Male,HR,Accountant,8,0.5994527382417407,189,0,92026,0
804,804,41,Male,HR,HR Specialist,9,0.6954038800143041,169,1,41972,1
805,805,47,Male,Sales,Manager,9,0.6211326296688876,223,0,64574,0
806,806,41,Male,Marketing,HR Specialist,10,0.6932841823480376,196,0,83462,0
807,807,42,Male,Marketing,Accountant,6,0.5654748891934641,171,1,56022,0
808,808,38,Male,Marketing,Accountant,10,0.4543757197438444,166,0,96098,0
809,809,40,Female,HR,Accountant,10,0.2880846515153893,221,0,85546,0
810,810,48,Female,HR,Manager,8,0.6481939634855162,196,1,84317,1
811,811,27,Female,Finance,HR Specialist,8,0.3633806300728299,216,0,43922,0
812,812,37,Male,HR,HR Specialist,3,0.8110500306512897,198,1,94820,0
813,813,45,Male,Engineering,HR Specialist,8,0.7255182219224305,163,0,98646,1
814,814,43,Male,Sales,HR Specialist,5,0.3467266495632437,208,1,41035,1
815,815,40,Female,Sales,HR Specialist,6,0.5167788316752226,165,1,50803,1
816,816,52,Male,HR,Engineer,9,0.2343044463012269,238,1,81927,0
817,817,29,Male,Marketing,Engineer,10,0.924621599629222,169,1,96499,0
818,818,32,Female,Sales,HR Specialist,3,0.2981683980076915,159,1,80233,1
819,819,39,Male,HR,Accountant,8,0.920740421039858,232,0,76158,1
820,820,33,Female,Finance,Analyst,7,0.0589563114417999,211,1,97965,1
821,821,42,Male,Engineering,Analyst,9,0.1807998274420982,214,0,88567,0
822,822,44,Female,Engineering,Engineer,8,0.6330617441737039,242,0,79354,1
823,823,50,Male,Finance,Manager,2,0.540488894102509,228,0,70579,0
824,824,26,Female,HR,Manager,2,0.8554305347854086,205,0,80344,1
825,825,30,Male,Sales,Engineer,2,0.8015824338432045,193,1,48580,0
826,826,27,Male,HR,Accountant,7,0.0810950212030195,155,0,31035,0
827,827,45,Female,HR,Manager,4,0.2860544949731644,206,0,60002,1
828,828,47,Male,Engineering,Accountant,9,0.5627999698014219,239,1,48501,1
829,829,50,Female,Finance,HR Specialist,10,0.2205208893383007,222,1,30335,1
830,830,46,Female,Engineering,Engineer,8,0.8188350547086714,218,0,74975,0
831,831,44,Male,Marketing,Analyst,4,0.7952217315872532,168,1,56303,0
832,832,54,Female,Engineering,Engineer,10,0.3311844191333024,165,1,67747,1
833,833,56,Male,HR,HR Specialist,9,0.9238709752769376,158,1,58783,0
834,834,26,Male,Finance,Manager,3,0.6762287610270031,176,1,30099,1
835,835,54,Male,Finance,HR Specialist,9,0.2792337330328452,183,0,50875,1
836,836,56,Male,Sales,HR Specialist,2,0.65162912393342,189,1,94871,1
837,837,51,Male,Marketing,Accountant,2,0.4237669554363124,175,0,54704,1
838,838,36,Male,Marketing,Accountant,5,0.008963532688144,248,1,89084,1
839,839,47,Male,Marketing,Analyst,7,0.6005242653586182,202,0,50516,1
840,840,39,Male,HR,Manager,1,0.1142003191490973,200,0,62501,0
841,841,59,Male,Sales,Analyst,7,0.2222705069714097,229,1,95026,1
842,842,27,Female,Marketing,Analyst,2,0.7421485351046319,211,1,87852,1
843,843,39,Female,Sales,Accountant,7,0.7136084660487285,221,0,82478,1
844,844,29,Female,Engineering,Analyst,10,0.0131536224287853,246,0,48533,0
845,845,52,Female,Marketing,Analyst,3,0.3891799238440878,196,1,83804,1
846,846,34,Male,Engineering,Accountant,5,0.4189073675806941,188,0,49259,0
847,847,46,Female,Sales,HR Specialist,1,0.355288042663971,205,1,81226,0
848,848,27,Female,Finance,HR Specialist,6,0.5970832873256853,228,0,76223,1
849,849,26,Female,Finance,Accountant,3,0.3825976127488706,222,1,88625,0
850,850,49,Female,Finance,Engineer,8,0.0285078533333527,231,1,85150,1
851,851,54,Female,Engineering,HR Specialist,1,0.798520719631728,214,1,75319,1
852,852,30,Female,HR,Manager,5,0.5405607139695657,175,0,43997,1
853,853,39,Female,Finance,Accountant,10,0.0539957676862078,152,1,48786,1
854,854,45,Female,HR,Engineer,3,0.3962211321495762,180,0,34457,0
855,855,44,Male,Finance,Analyst,6,0.8627241307168046,174,1,68525,0
856,856,37,Female,Engineering,Analyst,5,0.5258191188359583,213,1,55540,0
857,857,35,Female,Engineering,Accountant,9,0.7190211720107731,213,1,81006,0
858,858,28,Male,Marketing,Analyst,6,0.5941250057371248,228,1,59352,1
859,859,58,Male,Engineering,Accountant,5,0.5512420540013514,153,1,42453,0
860,860,38,Male,Engineering,Manager,10,0.7650746403780602,210,1,37246,1
861,861,36,Female,Marketing,Analyst,9,0.659800670360653,248,0,98348,1
862,862,38,Male,Finance,Manager,4,0.1413831632770339,226,0,49977,0
863,863,38,Female,Engineering,Accountant,5,0.9359134573891496,246,0,93085,0
864,864,49,Female,Engineering,Analyst,10,0.8004641683163051,235,0,55399,0
865,865,43,Female,HR,HR Specialist,6,0.8186821276333484,230,0,43525,1
866,866,42,Female,Sales,Accountant,8,0.6677084764306055,176,1,31816,0
867,867,36,Female,Engineering,Manager,8,0.66954986856726,233,0,64524,1
868,868,27,Male,Sales,Analyst,3,0.101518306547187,196,0,99501,1
869,869,33,Female,Finance,HR Specialist,7,0.4653968155630601,240,1,52063,0
870,870,53,Female,Marketing,Engineer,2,0.8668954532697919,152,0,45784,0
871,871,52,Male,Finance,Accountant,7,0.3815025844117866,221,0,92350,1
872,872,46,Male,HR,Accountant,6,0.4123721036284398,228,0,87016,0
873,873,25,Male,Engineering,Accountant,5,0.1667633268086485,216,0,56757,0
874,874,36,Male,Finance,Analyst,6,0.1116861588447785,242,0,95104,1
875,875,28,Male,Marketing,Accountant,5,0.3680401564681551,242,0,52164,0
876,876,48,Female,Sales,HR Specialist,7,0.8830986189155482,182,1,68280,0
877,877,27,Female,Finance,HR Specialist,1,0.1630912267936473,182,1,35209,1
878,878,30,Female,HR,Accountant,7,0.6157508088140333,207,0,75131,1
879,879,25,Female,Engineering,Accountant,2,0.0821825313449539,190,0,74810,0
880,880,41,Male,Engineering,Engineer,10,0.1953458074352594,219,1,65682,1
881,881,27,Female,HR,Analyst,7,0.6722153773426006,243,1,65730,1
882,882,27,Male,HR,Manager,8,0.6577527198706827,222,1,48299,0
883,883,33,Female,Sales,Accountant,9,0.9060169754478156,228,1,80805,0
884,884,42,Male,Engineering,Manager,4,0.1517692103960682,150,1,48126,0
885,885,57,Female,Sales,Manager,6,0.6961337414839491,219,1,45592,1
886,886,50,Male,Sales,Accountant,7,0.914640282961798,239,0,60283,1
887,887,46,Female,Finance,Manager,7,0.6247064716893934,215,0,80586,0
888,888,25,Male,Marketing,HR Specialist,4,0.5946349518386737,201,1,70805,1
889,889,43,Female,Marketing,Engineer,8,0.153005715178056,239,0,63040,0
890,890,30,Male,Finance,Analyst,7,0.2181941385468281,222,0,55096,1
891,891,50,Male,Sales,Engineer,3,0.571187198456714,191,1,88532,1
892,892,45,Male,Finance,HR Specialist,1,0.0571076392084856,155,1,49746,1
893,893,29,Female,Marketing,Engineer,3,0.904200625964292,180,0,32574,1
894,894,42,Male,Finance,Manager,8,0.4173531749064154,187,0,84212,0
895,895,39,Female,Engineering,Manager,6,0.6608567501851098,198,0,86674,1
896,896,44,Male,Finance,Manager,3,0.4581052966430636,190,1,61487,0
897,897,52,Male,Sales,Engineer,2,0.7887659264891739,227,1,30359,1
898,898,33,Female,Sales,Engineer,5,0.6185351599675583,204,1,42829,1
899,899,50,Female,Sales,Manager,1,0.6007464280153564,156,0,85323,1
900,900,44,Male,Sales,HR Specialist,5,0.2715748239068898,184,0,39711,0
901,901,31,Female,HR,Accountant,8,0.7498013163768511,165,0,57770,1
902,902,33,Female,Engineering,Analyst,6,0.3015212975786565,168,1,94407,1
903,903,57,Male,Finance,HR Specialist,4,0.928593460824487,170,0,67074,0
904,904,46,Male,Finance,Manager,9,0.6048047455951329,187,1,62861,0
905,905,25,Female,Engineering,HR Specialist,5,0.857127378324709,197,1,62320,0
906,906,32,Female,Finance,HR Specialist,6,0.6280225121808516,208,1,70299,1
907,907,58,Male,Marketing,Engineer,7,0.6823400303349135,233,1,72993,1
908,908,49,Female,Finance,Accountant,5,0.0046325572464227,241,0,31774,0
909,909,57,Female,Marketing,Accountant,1,0.9172434999352896,241,1,58386,0
910,910,33,Male,Engineering,Analyst,2,0.8539872082282832,241,1,88638,1
911,911,41,Female,HR,Engineer,7,0.9274225122067946,152,1,55651,1
912,912,35,Female,Marketing,Accountant,7,0.0986102969456647,183,1,74369,1
913,913,43,Male,Finance,Accountant,8,0.1249736042658323,219,1,69749,1
914,914,46,Female,Finance,Analyst,3,0.3767690018671086,235,0,76417,1
915,915,33,Female,Marketing,Analyst,9,0.132682425395834,157,1,96779,0
916,916,34,Female,Finance,HR Specialist,3,0.4815205031751679,153,0,49699,0
917,917,49,Male,HR,Accountant,6,0.9722214144542276,153,0,57893,1
918,918,45,Female,HR,Engineer,8,0.6239416468801177,237,0,37520,0
919,919,35,Male,Engineering,HR Specialist,1,0.9652968950627798,228,1,92364,0
920,920,44,Male,Sales,Manager,8,0.4075607563102211,188,1,77127,1
921,921,36,Female,HR,HR Specialist,1,0.3050588869298963,211,0,60355,0
922,922,39,Male,Marketing,Accountant,7,0.1736236783629254,209,1,30262,1
923,923,30,Male,Finance,Analyst,4,0.4902264461643565,168,0,88814,0
924,924,41,Female,Sales,Engineer,1,0.0082281265262676,240,0,77259,0
925,925,29,Male,Marketing,Analyst,8,0.2478573703598555,228,0,87516,0
926,926,39,Female,Sales,Manager,9,0.7320832783838206,202,1,69919,1
927,927,56,Male,Sales,Manager,3,0.7085857031728879,159,0,99423,1
928,928,27,Female,Sales,Manager,4,0.4469667668538275,212,0,81306,1
929,929,27,Male,HR,Engineer,2,0.0263334281851567,241,0,57712,0
930,930,39,Male,Finance,Accountant,4,0.7981448220213618,168,1,86404,0
931,931,56,Female,Sales,Accountant,1,0.7567860032562015,152,1,69350,0
932,932,32,Male,Sales,Accountant,2,0.355787567426447,188,1,86611,0
933,933,30,Male,Engineering,Manager,2,0.7645304717813176,180,0,94636,0
934,934,29,Female,Finance,Analyst,3,0.9310752250022212,195,0,63884,0
935,935,40,Female,HR,Analyst,7,0.9365728276260455,202,0,84994,0
936,936,41,Male,Finance,HR Specialist,6,0.7453721278694397,151,0,55417,0
937,937,29,Male,HR,Analyst,5,0.678314474552117,233,0,66339,0
938,938,48,Female,Sales,Manager,7,0.5484576334636269,203,1,90845,1
939,939,51,Male,Finance,HR Specialist,8,0.0861976666624583,249,0,44648,1
940,940,49,Female,HR,HR Specialist,5,0.1555593736121553,155,1,95332,0
941,941,45,Female,Finance,HR Specialist,2,0.3545242368460449,175,0,83449,0
942,942,32,Female,Marketing,Analyst,4,0.5892435891630338,215,0,45156,0
943,943,58,Female,Finance,Accountant,10,0.549457382639754,228,1,32741,0
944,944,39,Male,Engineering,Engineer,10,0.7428436567763617,150,0,57973,1
945,945,59,Female,Engineering,Accountant,9,0.3251268153346212,180,1,85023,1
946,946,50,Female,HR,Analyst,7,0.3437590979350646,194,0,87163,0
947,947,58,Female,Engineering,Accountant,3,0.6646436616626413,209,0,66440,0
948,948,59,Male,HR,Analyst,5,0.1406938168915369,216,0,33042,0
949,949,39,Female,Sales,Manager,5,0.5294515597842143,214,0,67199,0
950,950,27,Male,HR,HR Specialist,5,0.4209511945155827,246,1,65798,0
951,951,33,Female,Finance,Engineer,8,0.3502416717363903,244,1,33648,1
952,952,50,Male,Finance,Accountant,8,0.5180495834518767,192,1,51468,0
953,953,34,Male,Marketing,Accountant,5,0.2772848492771976,165,0,64526,1
954,954,54,Female,Sales,Accountant,5,0.320043844824578,229,1,90433,1
955,955,41,Female,Engineering,HR Specialist,6,0.0048455687522015,234,1,46499,1
956,956,49,Male,Engineering,Engineer,9,0.351508974073736,193,0,95529,0
957,957,35,Female,Sales,Accountant,7,0.0018202886542839,182,1,53608,0
958,958,55,Male,Finance,Manager,9,0.2530729450635121,243,1,68459,0
959,959,36,Female,HR,Engineer,8,0.4642889220236307,169,0,35430,0
960,960,49,Male,Marketing,Manager,8,0.3513060042948617,152,0,57886,1
961,961,50,Male,Finance,Accountant,4,0.5274700493111055,167,1,30382,1
962,962,37,Female,Finance,Manager,3,0.7933570362775519,158,0,34234,0
963,963,54,Female,HR,Accountant,9,0.9290526739359252,209,0,57795,1
964,964,27,Female,Sales,HR Specialist,8,0.3342980480865616,185,1,82983,1
965,965,55,Female,HR,Engineer,4,0.7388819650387811,179,1,39382,1
966,966,45,Female,Finance,HR Specialist,4,0.6746731613936481,173,0,47576,0
967,967,59,Female,Finance,Analyst,8,0.3032872007440853,185,0,48379,0
968,968,53,Male,Finance,HR Specialist,9,0.6217842310270022,195,0,67033,1
969,969,37,Female,HR,Analyst,8,0.1353033369533748,235,1,86929,1
970,970,54,Male,Finance,Analyst,6,0.8830827690376937,192,1,90878,0
971,971,30,Male,Finance,Manager,5,0.9213256917719672,164,0,79455,1
972,972,35,Male,Marketing,HR Specialist,9,0.6582991423349401,177,1,95330,0
973,973,35,Female,Marketing,Engineer,7,0.213662888795487,249,1,92100,0
974,974,28,Male,Finance,Analyst,3,0.6104725426967769,206,0,34442,1
975,975,46,Female,Marketing,Engineer,5,0.7903140122362532,156,0,78569,0
976,976,58,Female,Marketing,Manager,10,0.3528702751332145,207,0,81636,0
977,977,54,Female,Sales,Accountant,4,0.5054887193116648,157,1,76669,0
978,978,29,Female,Sales,Analyst,3,0.69737520327081,216,1,59042,1
979,979,55,Male,Engineering,Accountant,9,0.7961273097582663,164,0,39553,1
980,980,52,Female,Sales,Manager,1,0.439422403020958,242,0,53320,1
981,981,55,Female,HR,HR Specialist,9,0.9141923419389324,235,1,33077,1
982,982,47,Female,Marketing,Engineer,1,0.9496644615218974,198,1,59110,0
983,983,27,Male,Engineering,Analyst,2,0.716926597331819,173,0,32770,1
984,984,59,Male,Marketing,Analyst,5,0.0973752467205991,210,0,93794,0
985,985,45,Male,Engineering,HR Specialist,10,0.5737178170976025,216,1,96585,1
986,986,45,Female,Finance,Accountant,8,0.0937042804752162,194,0,85864,1
987,987,34,Male,Sales,Accountant,4,0.3820037149848587,211,1,68139,1
988,988,36,Female,Engineering,Engineer,1,0.7900777033966104,221,1,39036,0
989,989,51,Female,Marketing,Engineer,8,0.7184663018816069,210,1,32327,1
990,990,36,Female,Engineering,Accountant,9,0.5585117784091431,182,1,65638,1
991,991,47,Male,Marketing,Manager,2,0.8896207566466521,243,0,78726,1
992,992,46,Female,HR,Analyst,8,0.9550947163759048,176,1,79044,1
993,993,47,Female,HR,Analyst,5,0.9324495952326676,193,0,47301,0
994,994,47,Male,Marketing,HR Specialist,2,0.9920179359326206,186,1,31507,0
995,995,39,Female,HR,HR Specialist,3,0.3774348661357783,239,0,71403,0
996,996,50,Male,Engineering,Manager,1,0.4311521320570114,154,0,30181,1
997,997,52,Male,Engineering,Analyst,3,0.6471024872975396,206,0,64143,0
998,998,37,Female,HR,HR Specialist,2,0.3048127149098943,241,0,74383,1
999,999,59,Male,Sales,HR Specialist,1,0.9405101237886104,159,0,73220,1
